{"SqueezeNet": {"losses": 0.03397794493313493, "accuracies": 0.6174712643678161, "f1_scores": 0.6145330043588136, "aucs": 0.9644666666276738}, "MobileNet_V2": {"losses": 0.022019906187879627, "accuracies": 0.6988505747126437, "f1_scores": 0.6950701804527387, "aucs": 0.9829742778345268}}