{"InceptionNet": {"losses": 0.03594856326607452, "accuracies": 0.7110344827586207, "f1_scores": 0.7107268872316282, "aucs": 0.9746678787677775}, "ResNet": {"losses": 0.027736404229854714, "accuracies": 0.7349425287356322, "f1_scores": 0.7318349079033682, "aucs": 0.9822914140797735}, "SqueezeNet": {"losses": 0.03397794493313493, "accuracies": 0.6174712643678161, "f1_scores": 0.6145330043588136, "aucs": 0.9644666666276738}, "MobileNet_V2": {"losses": 0.022019906187879627, "accuracies": 0.6988505747126437, "f1_scores": 0.6950701804527387, "aucs": 0.9829742778345268}}