{"SqueezeNet": {"losses": 0.033608989598321135, "accuracies": 0.6226229508196721, "f1_scores": 0.6199710841004729, "aucs": 0.9652942866351747}, "MobileNet_V2": {"losses": 0.022103979538698665, "accuracies": 0.698032786885246, "f1_scores": 0.6945653871082662, "aucs": 0.9830291113854397}}