{"training_loss": [1.477990149097009, 1.289055803621357, 1.1940693005242131, 1.1407989280467683, 1.0875520696016876, 1.0546822978014296, 1.018680508841168, 1.0064150453968481, 0.9650064048103311, 0.9675617411055348, 0.9452282041311264, 0.9215573925863613, 0.9323669997128573, 0.8927256600423292, 0.9077510872686451, 0.8842658461494879, 0.8250367272306572, 0.8157907172360204, 0.8068133282729171, 0.8187881294976581], "training_acc": [0.6210908861803519, 0.6591997342375366, 0.6817222438599706, 0.6920004925769795, 0.70501798478739, 0.7173137944464809, 0.7213231419538123, 0.7221751282991202, 0.7331335341825512, 0.7296568571297655, 0.7390086601906158, 0.7445386959310851, 0.7387924418071847, 0.7462140304252199, 0.7437840794538123, 0.7509894496884164, 0.7694295844024928, 0.7755409755315249, 0.7742880544354839, 0.7717993951612904], "test_loss": [1.2021300792694092, 1.1220420598983765, 1.1304779052734375, 1.1368372440338135, 1.1157554388046265, 1.1157381534576416, 1.1429070234298706, 1.1158604621887207, 1.1516419649124146, 1.1394716501235962, 1.154288649559021, 1.1506274938583374, 1.1828268766403198, 1.1405116319656372, 1.1685558557510376, 1.149556040763855, 1.091833472251892, 1.1169461011886597, 1.104949712753296, 1.1063560247421265], "test_acc": [], "test_accuracy": [0.6769927740097046, 0.695244550704956, 0.6876811981201172, 0.6821557879447937, 0.6931612491607666, 0.6871376633644104, 0.689402163028717, 0.694972813129425, 0.6918478012084961, 0.6881793737411499, 0.6937046647071838, 0.683288037776947, 0.678260862827301, 0.6898097991943359, 0.6835144758224487, 0.6934329867362976, 0.7004528641700745, 0.6977807879447937, 0.7035778760910034, 0.7014039754867554]}